{
  "version": 1,
  "author": "Wilfred Henry",
  "editor": "wokwi",
  "parts": [
    {
      "type": "board-esp32-devkit-c-v4",
      "id": "esp",
      "top": 86.4,
      "left": 100.84,
      "attrs": { "env": "micropython-20231227-v1.22.0" }
    },
    {
      "type": "wokwi-led",
      "id": "led1",
      "top": -61.2,
      "left": -34.6,
      "attrs": { "color": "red" }
    },
    {
      "type": "wokwi-led",
      "id": "led2",
      "top": -70.8,
      "left": 224.6,
      "attrs": { "color": "limegreen" }
    },
    { "type": "wokwi-slide-switch", "id": "sw1", "top": -53.2, "left": 70.3, "attrs": {} },
    {
      "type": "wokwi-analog-joystick",
      "id": "joystick1",
      "top": -154.2,
      "left": 322.2,
      "attrs": {}
    },
    { "type": "wokwi-servo", "id": "servo1", "top": 238, "left": -288, "attrs": {} },
    { "type": "wokwi-servo", "id": "servo2", "top": 65.2, "left": -288, "attrs": {} },
    { "type": "wokwi-servo", "id": "servo3", "top": 84.4, "left": 489.6, "attrs": {} },
    { "type": "wokwi-servo", "id": "servo4", "top": 218.8, "left": 489.6, "attrs": {} },
    { "type": "wokwi-vcc", "id": "vcc2", "top": 58.36, "left": 441.6, "attrs": {} },
    { "type": "wokwi-vcc", "id": "vcc3", "top": 58.36, "left": -345.6, "attrs": {} },
    { "type": "wokwi-gnd", "id": "gnd2", "top": 19.2, "left": 105, "attrs": {} },
    { "type": "wokwi-gnd", "id": "gnd3", "top": 288, "left": -403.8, "attrs": {} },
    { "type": "wokwi-gnd", "id": "gnd4", "top": 297.6, "left": 421.8, "attrs": {} },
    { "type": "wokwi-gnd", "id": "gnd5", "top": 9.6, "left": 479.4, "attrs": {} },
    { "type": "wokwi-gnd", "id": "gnd1", "top": 57.6, "left": 210.6, "attrs": {} },
    { "type": "wokwi-vcc", "id": "vcc1", "top": 0.76, "left": 307.2, "attrs": {} },
    { "type": "wokwi-vcc", "id": "vcc4", "top": -56.84, "left": 19.2, "attrs": {} }
  ],
  "connections": [
    [ "esp:TX", "$serialMonitor:RX", "", [] ],
    [ "esp:RX", "$serialMonitor:TX", "", [] ],
    [ "servo3:V+", "vcc2:VCC", "purple", [ "h0" ] ],
    [ "servo4:V+", "vcc2:VCC", "purple", [ "h0" ] ],
    [ "servo2:V+", "vcc3:VCC", "purple", [ "h0" ] ],
    [ "servo1:V+", "vcc3:VCC", "purple", [ "h0" ] ],
    [ "gnd2:GND", "sw1:3", "black", [ "v-9.6", "h153.4" ] ],
    [ "led2:C", "gnd2:GND", "black", [ "v0" ] ],
    [ "led1:C", "gnd2:GND", "black", [ "v0" ] ],
    [ "servo1:GND", "gnd3:GND", "black", [ "h0" ] ],
    [ "servo2:GND", "gnd3:GND", "black", [ "h0" ] ],
    [ "servo4:GND", "gnd4:GND", "black", [ "h0" ] ],
    [ "servo3:GND", "gnd4:GND", "black", [ "h0" ] ],
    [ "joystick1:GND", "gnd5:GND", "black", [ "v28.8", "h96" ] ],
    [ "esp:GND.2", "gnd1:GND", "black", [ "v0" ] ],
    [ "servo2:PWM", "esp:13", "red", [ "h-28.8", "v29", "h211.2", "v86.4" ] ],
    [ "servo1:PWM", "esp:14", "red", [ "h-28.8", "v-86.2" ] ],
    [ "led1:A", "esp:4", "red", [ "v336", "h230.4", "v-86.4" ] ],
    [ "esp:23", "led2:A", "green", [ "h0" ] ],
    [ "esp:32", "joystick1:VERT", "#8f4814", [ "h-19.05", "v163.2", "h278.4" ] ],
    [ "esp:33", "joystick1:HORZ", "gray", [ "h-28.65", "v163.2", "h297.6" ] ],
    [ "esp:34", "joystick1:SEL", "white", [ "h-38.25", "v201.6", "h316.8" ] ],
    [ "esp:2", "servo4:PWM", "green", [ "h240", "v38.2" ] ],
    [ "esp:16", "servo3:PWM", "green", [ "h268.8", "v-67.4" ] ],
    [ "vcc1:VCC", "joystick1:VCC", "purple", [ "h38.4", "v-48" ] ],
    [ "vcc4:VCC", "sw1:1", "purple", [ "v0" ] ],
    [ "esp:15", "sw1:2", "blue", [ "h67.2", "v-192", "h-182.5" ] ]
  ],
  "dependencies": {}
}